{"hockey": {"mean": 2.9718256949661908, "median": 3.0, "std": 1.6804089390756476}, "soccer": {"mean": 1.3605263157894736, "median": 1.0, "std": 1.2328912261928335}, "basketball": {"mean": 111.63091068301226, "median": 111.0, "std": 12.443565384804021}}