{"hockey": {"mean": 2.973846153846154, "median": 3.0, "std": 1.6620447946455246}, "soccer": {"mean": 1.3581818181818182, "median": 1.0, "std": 1.2243277798027348}, "basketball": {"mean": 111.54628571428572, "median": 111.0, "std": 12.36972689055578}}