{"hockey": {"mean": 3.013571428571429, "median": 3.0, "std": 1.6811437736716934}, "soccer": {"mean": 1.355, "median": 1.0, "std": 1.2459166638797852}, "basketball": {"mean": 111.48555555555555, "median": 111.0, "std": 12.379454853471367}}