{"hockey": {"mean": 2.9648, "median": 3.0, "std": 1.6604701021096406}, "soccer": {"mean": 1.366, "median": 1.0, "std": 1.2377576499460627}, "basketball": {"mean": 111.52352941176471, "median": 111.0, "std": 12.375784201499156}}