{"hockey": {"mean": 3.0246666666666666, "median": 3.0, "std": 1.6777141856969824}, "soccer": {"mean": 1.3584615384615384, "median": 1.0, "std": 1.2387825670878285}, "basketball": {"mean": 111.43631578947368, "median": 111.0, "std": 12.34016322954668}}